game,Console,TotalSales,Publisher,genre,Releasedate,urlimg,urlgame
Astral Chain,NS,1.08,Nintendo,Action,30 Aug 19,https://www.vgchartz.com/games/boxart/full_7480644AmericaFrontccc.jpg,https://www.vgchartz.com/game/223546/astral-chain/?region=All
Marvel Ultimate Alliance 3: The Black Order,NS,1.08,Nintendo,Action,19 Jul 19,https://www.vgchartz.com/games/boxart/full_3824266AmericaFrontccc.jpg,https://www.vgchartz.com/game/223123/marvel-ultimate-alliance-3-the-black-order/?region=All
Enter the Gungeon,NS,1.00,Devolver Digital,Action,14 Dec 17,https://www.vgchartz.com/games/boxart/full_8128714AmericaFrontccc.png,https://www.vgchartz.com/game/221043/enter-the-gungeon/?region=All
Monster Hunter Generations Ultimate,NS,0.72,Capcom,Action,28 Aug 18,https://www.vgchartz.com/games/boxart/full_5131597AmericaFrontccc.png,https://www.vgchartz.com/game/199845/monster-hunter-generations-ultimate/?region=All
Diablo III: Eternal Collection,NS,0.67,Blizzard Entertainment,Action,02 Nov 18,https://www.vgchartz.com/games/boxart/full_3447163AmericaFrontccc.jpg,https://www.vgchartz.com/game/222641/diablo-iii-eternal-collection/?region=All
LEGO Marvel Super Heroes 2,NS,0.67,Warner Bros. Interactive Entertainment,Action,14 Nov 17,https://www.vgchartz.com/games/boxart/full_7408012AmericaFrontccc.jpg,https://www.vgchartz.com/game/176547/lego-marvel-super-heroes-2/?region=All
LEGO The Incredibles,NS,0.63,Warner Bros. Interactive Entertainment,Action,15 Jun 18,https://www.vgchartz.com/games/boxart/full_7778097AmericaFrontccc.jpg,https://www.vgchartz.com/game/221760/lego-the-incredibles/?region=All
Bayonetta 2,NS,0.57,Nintendo,Action,16 Feb 18,https://www.vgchartz.com/games/boxart/full_5304839AmericaFrontccc.jpg,https://www.vgchartz.com/game/220237/bayonetta-2/?region=All
Dragon Ball: Xenoverse 2,NS,0.55,Namco Bandai Games,Action,22 Sep 17,https://www.vgchartz.com/games/boxart/full_3896928AmericaFrontccc.jpg,https://www.vgchartz.com/game/161534/dragon-ball-xenoverse-2/?region=All
Fire Emblem Warriors,NS,0.51,Nintendo,Action,20 Oct 17,https://www.vgchartz.com/games/boxart/full_8428240AmericaFrontccc.jpg,https://www.vgchartz.com/game/155797/fire-emblem-warriors/?region=All
Hyrule Warriors: Definitive Edition,NS,0.46,Nintendo,Action,18 May 18,https://www.vgchartz.com/games/boxart/full_8069084AmericaFrontccc.jpg,https://www.vgchartz.com/game/220630/hyrule-warriors-definitive-edition/?region=All
The Lego Ninjago Movie Videogame,NS,0.40,Warner Bros. Interactive Entertainment,Action,22 Sep 17,https://www.vgchartz.com/games/boxart/full_3938123AmericaFrontccc.jpg,https://www.vgchartz.com/game/186213/the-lego-ninjago-movie-videogame/?region=All
Nintendo Labo: Toy-Con 02 Robot Kit,NS,0.36,Nintendo,Action,20 Apr 18,https://www.vgchartz.com/games/boxart/full_4729465AmericaFrontccc.jpg,https://www.vgchartz.com/game/220878/nintendo-labo-toy-con-02-robot-kit/?region=All
LEGO Harry Potter Collection,NS,0.33,Warner Bros. Interactive Entertainment,Action,30 Oct 18,https://www.vgchartz.com/games/boxart/full_9738604AmericaFrontccc.jpg,https://www.vgchartz.com/game/222721/lego-harry-potter-collection/?region=All
Warriors  Orochi 4,NS,0.31,Koei Tecmo,Action,16 Oct 18,https://www.vgchartz.com/games/boxart/full_9965630AmericaFrontccc.jpg,https://www.vgchartz.com/game/221968/warriors-orochi-4/?region=All
The Binding of Isaac: Afterbirth+,NS,0.28,Nicalis,Action,17 Mar 17,https://www.vgchartz.com/games/boxart/full_3202869AmericaFrontccc.jpg,https://www.vgchartz.com/game/153121/the-binding-of-isaac-afterbirth/?region=All
Resident Evil: Revelations Collection,NS,0.27,Capcom,Action,28 Nov 17,https://www.vgchartz.com/games/boxart/full_9095196AmericaFrontccc.jpg,https://www.vgchartz.com/game/195581/resident-evil-revelations-collection/?region=All
Hello Neighbor,NS,0.24,Gearbox Software,Action,27 Jul 18,https://www.vgchartz.com/games/boxart/full_5676418AmericaFrontccc.jpg,https://www.vgchartz.com/game/221089/hello-neighbor/?region=All
Attack on Titan 2,NS,0.23,Koei Tecmo,Action,20 Mar 18,https://www.vgchartz.com/games/boxart/full_5868631AmericaFrontccc.jpg,https://www.vgchartz.com/game/212038/attack-on-titan-2/?region=All
Fate/Extella: The Umbral Star,NS,0.21,Xseed Games,Action,25 Jul 17,https://www.vgchartz.com/games/boxart/full_2814932AmericaFrontccc.jpg,https://www.vgchartz.com/game/169961/fateextella-the-umbral-star/?region=All
Katamari Damacy Reroll,NS,0.17,Bandai Namco Entertainment,Action,07 Dec 18,https://www.vgchartz.com/games/boxart/full_7600898AmericaFrontccc.jpg,https://www.vgchartz.com/game/222774/katamari-damacy-reroll/?region=All
Axiom Verge,NS,0.17,Thomas Happ Games,Action,21 Nov 17,https://www.vgchartz.com/games/boxart/full_3567213AmericaFrontccc.jpg,https://www.vgchartz.com/game/190934/axiom-verge/?region=All
Has-Been Heroes,NS,0.14,GameTrust,Action,28 Mar 17,https://www.vgchartz.com/games/boxart/full_856853AmericaFrontccc.jpg,https://www.vgchartz.com/game/153118/has-been-heroes/?region=All
Dead Cells,NS,0.11,Merge Games,Action,15 Aug 18,https://www.vgchartz.com/games/boxart/full_9596376AmericaFrontccc.jpg,https://www.vgchartz.com/game/222077/dead-cells/?region=All
Troll and I,NS,0.10,Maximum Games,Action,15 Aug 17,https://www.vgchartz.com/games/boxart/full_8288051AmericaFrontccc.jpg,https://www.vgchartz.com/game/159122/troll-and-i/?region=All
Cartoon Network Battle Crashers,NS,0.08,GameMill,Action,31 Oct 17,https://www.vgchartz.com/games/boxart/full_9128552AmericaFrontccc.jpg,https://www.vgchartz.com/game/189458/cartoon-network-battle-crashers/?region=All
Ben 10 (2017),NS,0.08,Outright Games,Action,14 Nov 17,https://www.vgchartz.com/games/boxart/full_6043569AmericaFrontccc.jpg,https://www.vgchartz.com/game/208598/ben-10-2017/?region=All
One Piece: Unlimited World Red Deluxe Edition,NS,0.07,Namco Bandai Games,Action,29 Sep 17,https://www.vgchartz.com/games/boxart/full_545666PALFrontccc.jpg,https://www.vgchartz.com/game/199850/one-piece-unlimited-world-red-deluxe-edition/?region=All
Nights of Azure 2: Bride of the New Moon,NS,0.06,Tecmo Koei,Action,24 Oct 17,https://www.vgchartz.com/games/boxart/full_9174690AmericaFrontccc.jpg,https://www.vgchartz.com/game/185578/nights-of-azure-2-bride-of-the-new-moon/?region=All
Ittle Dew 2+,NS,0.06,Nicalis,Action,14 Nov 17,https://www.vgchartz.com/games/boxart/full_2839176AmericaFrontccc.jpg,https://www.vgchartz.com/game/195582/ittle-dew-2/?region=All
Azure Striker Gunvolt: Striker Pack,NS,0.06,Nighthawk Interactive,Action,21 Nov 17,https://www.vgchartz.com/games/boxart/full_2669690AmericaFrontccc.jpg,https://www.vgchartz.com/game/198832/azure-striker-gunvolt-striker-pack/?region=All
One Piece: Pirate Warriors 3 - Deluxe Edition,NS,0.06,Bandai Namco Entertainment,Action,11 May 18,https://www.vgchartz.com/games/boxart/full_6609360JapanFrontccc.png,https://www.vgchartz.com/game/220566/one-piece-pirate-warriors-3-deluxe-edition/?region=All
Tiny Barbarian DX,NS,0.06,Nicalis,Action,10 Oct 17,https://www.vgchartz.com/games/boxart/full_2175340AmericaFrontccc.jpg,https://www.vgchartz.com/game/202281/tiny-barbarian-dx/?region=All
The Escapists 2,NS,0.05,Sold Out,Action,30 Oct 18,https://www.vgchartz.com/games/boxart/full_9602363AmericaFrontccc.jpg,https://www.vgchartz.com/game/192935/the-escapists-2/?region=All
Minna de Wai Wai! Spelunker,NS,0.04,Square Enix,Action,20 Apr 17,https://www.vgchartz.com/games/boxart/full_6400575JapanFrontccc.jpg,https://www.vgchartz.com/game/177913/minna-de-wai-wai-spelunker/?region=All
Sine Mora EX,NS,0.04,THQ Nordic,Action,26 Sep 17,https://www.vgchartz.com/games/boxart/full_6562379AmericaFrontccc.jpg,https://www.vgchartz.com/game/178955/sine-mora-ex/?region=All
Okami HD,NS,0.04,Capcom,Action,09 Aug 18,https://www.vgchartz.com/games/boxart/full_1357503JapanFrontccc.png,https://www.vgchartz.com/game/221275/okami-hd/?region=All
Code of  Princess EX,NS,0.03,Nicalis,Action,31 Jul 18,https://www.vgchartz.com/games/boxart/full_807279AmericaFrontccc.jpg,https://www.vgchartz.com/game/221270/code-of-princess-ex/?region=All
The Longest 5 Minutes,NS,0.03,NIS America,Action,13 Feb 18,https://www.vgchartz.com/games/boxart/full_6633652AmericaFrontccc.jpg,https://www.vgchartz.com/game/220658/the-longest-5-minutes/?region=All
Yonder: The Cloud Catcher Chronicles,NS,0.03,Merge Games,Action,12 Jun 18,https://www.vgchartz.com/games/boxart/full_2310315AmericaFrontccc.jpg,https://www.vgchartz.com/game/221371/yonder-the-cloud-catcher-chronicles/?region=All
88 Heroes: 98 Heroes Edition,NS,0.02,Rising Star Games,Action,10 Oct 17,https://www.vgchartz.com/games/boxart/full_8424487AmericaFrontccc.jpg,https://www.vgchartz.com/game/209870/88-heroes-98-heroes-edition/?region=All
Super Run For Money Tousouchuu & Sentouchuu,NS,0.02,Bandai Namco Games,Action,29 Nov 18,https://www.vgchartz.com/games/boxart/full_3220480JapanFrontccc.jpg,https://www.vgchartz.com/game/223315/super-run-for-money-tousouchuu-amp-sentouchuu/?region=All
Shaq-Fu: A Legend Reborn,NS,0.02,Wired Productions,Action,05 Jun 18,https://www.vgchartz.com/games/boxart/full_557258AmericaFrontccc.jpg,https://www.vgchartz.com/game/221232/shaq-fu-a-legend-reborn/?region=All
Unbox: Newbie's Adventure,NS,0.01,Merge Games,Action,01 Nov 17,https://www.vgchartz.com/games/boxart/full_3683639AmericaFrontccc.jpg,https://www.vgchartz.com/game/193788/unbox-newbies-adventure/?region=All
Titan Quest,NS,0.01,THQ Nordic,Action,31 Jul 18,https://www.vgchartz.com/games/boxart/full_1900857PALFrontccc.jpg,https://www.vgchartz.com/game/220234/titan-quest/?region=All
Nari Kids Park: Hugtto! PreCure,NS,0.01,Bandai Namco Games,Action,21 Nov 18,https://www.vgchartz.com/games/boxart/full_8659688JapanFrontccc.jpg,https://www.vgchartz.com/game/223226/nari-kids-park-hugtto-precure/?region=All
Warriors Orochi 3,NS,0.01,Tecmo Koei,Action,09 Nov 17,https://www.vgchartz.com/games/boxart/full_432329JapanFrontccc.jpg,https://www.vgchartz.com/game/220116/warriors-orochi-3/?region=All
Yoku's Island Express,NS,0.01,Villa Gorilla,Action,19 Jun 18,https://www.vgchartz.com/games/boxart/full_9405561AmericaFrontccc.jpg,https://www.vgchartz.com/game/221225/yokus-island-express/?region=All
The Legend of Zelda: Breath of the Wild,NS,17.41,Nintendo,Action-Adventure,03 Mar 17,https://www.vgchartz.com/games/boxart/full_4436858AmericaFrontccc.png,https://www.vgchartz.com/game/118753/the-legend-of-zelda-breath-of-the-wild/?region=All
Luigi's Mansion 3,NS,6.33,Nintendo,Action-Adventure,31 Oct 19,https://www.vgchartz.com/games/boxart/full_3171235AmericaFrontccc.jpg,https://www.vgchartz.com/game/222771/luigis-mansion-3/?region=All
The Legend of Zelda: Link's Awakening,NS,4.38,Nintendo,Action-Adventure,20 Sep 19,https://www.vgchartz.com/games/boxart/full_5009585AmericaFrontccc.jpg,https://www.vgchartz.com/game/223547/the-legend-of-zelda-links-awakening/?region=All
Starlink: Battle for Atlas,NS,0.57,Ubisoft,Action-Adventure,16 Oct 18,https://www.vgchartz.com/games/boxart/full_5081749AmericaFrontccc.jpg,https://www.vgchartz.com/game/222160/starlink-battle-for-atlas/?region=All
LEGO DC Super-Villains,NS,0.44,Warner Bros. Interactive Entertainment,Action-Adventure,16 Oct 18,https://www.vgchartz.com/games/boxart/full_9525931AmericaFrontccc.jpg,https://www.vgchartz.com/game/222045/lego-dc-super-villains/?region=All
Hollow Knight,NS,0.25,Team Cherry,Action-Adventure,12 Jun 18,https://www.vgchartz.com/games/boxart/full_146115AmericaFrontccc.png,https://www.vgchartz.com/game/221090/hollow-knight/?region=All
Kamiko,NS,0.25,Flyhigh Works,Action-Adventure,27 Apr 17,https://www.vgchartz.com/games/boxart/full_2122589AmericaFrontccc.png,https://www.vgchartz.com/game/220813/kamiko/?region=All
ARK: Survival Evolved,NS,0.08,Studio Wildcard,Action-Adventure,30 Nov 18,https://www.vgchartz.com/games/boxart/full_307063AmericaFrontccc.jpg,https://www.vgchartz.com/game/222410/ark-survival-evolved/?region=All
Asterix and Obelix XXL2,NS,0.06,Microids,Action-Adventure,29 Nov 18,https://www.vgchartz.com/games/boxart/full_9521831PALFrontccc.jpg,https://www.vgchartz.com/game/222616/asterix-and-obelix-xxl2/?region=All
Yomawari: The Long Night Collection,NS,0.05,NIS America,Action-Adventure,30 Oct 18,https://www.vgchartz.com/games/boxart/full_6073791AmericaFrontccc.jpg,https://www.vgchartz.com/game/222088/yomawari-the-long-night-collection/?region=All
Monster Boy and the Cursed Kingdom,NS,0.04,FDG Entertainment,Action-Adventure,06 Nov 18,https://www.vgchartz.com/games/boxart/full_3249573AmericaFrontccc.jpg,https://www.vgchartz.com/game/220225/monster-boy-and-the-cursed-kingdom/?region=All
Max: The Curse of Brotherhood,NS,0.01,Wired Productions,Action-Adventure,24 Apr 18,https://www.vgchartz.com/games/boxart/full_1856705AmericaFrontccc.jpg,https://www.vgchartz.com/game/220550/max-the-curse-of-brotherhood/?region=All
Hotel Transylvania 3: Monsters Overboard,NS,0.01,Outright Games,Action-Adventure,10 Jul 18,https://www.vgchartz.com/games/boxart/full_2537648AmericaFrontccc.jpg,https://www.vgchartz.com/game/222051/hotel-transylvania-3-monsters-overboard/?region=All
Onimusha: Warlords,NS,0.01,Capcom,Action-Adventure,15 Jan 19,https://www.vgchartz.com/games/boxart/full_4605488JapanFrontccc.jpg,https://www.vgchartz.com/game/223269/onimusha-warlords/?region=All
Legend of Kay Anniversary,NS,0.01,THQ Nordic,Action-Adventure,29 May 18,https://www.vgchartz.com/games/boxart/full_4866702AmericaFrontccc.jpg,https://www.vgchartz.com/game/221235/legend-of-kay-anniversary/?region=All
Minecraft: Story Mode - The Complete Adventure,NS,0.46,Telltale Games,Adventure,22 Aug 17,https://www.vgchartz.com/games/boxart/full_1179975AmericaFrontccc.jpg,https://www.vgchartz.com/game/161519/minecraft-story-mode-the-complete-adventure/?region=All
L.A. Noire,NS,0.45,Rockstar Games,Adventure,14 Nov 17,https://www.vgchartz.com/games/boxart/full_7813179AmericaFrontccc.png,https://www.vgchartz.com/game/202280/la-noire/?region=All
RiME,NS,0.15,Grey Box,Adventure,21 Nov 17,https://www.vgchartz.com/games/boxart/full_8618692AmericaFrontccc.jpg,https://www.vgchartz.com/game/161517/rime/?region=All
Dragon Quest Builders 2,NS,0.14,Square Enix,Adventure,12 Jul 19,https://www.vgchartz.com/games/boxart/full_7693631JapanFrontccc.jpg,https://www.vgchartz.com/game/223266/dragon-quest-builders-2/?region=All
Goosebumps: The Game,NS,0.13,GameMill Entertainment,Adventure,09 Oct 18,https://www.vgchartz.com/games/boxart/full_2484712AmericaFrontccc.jpg,https://www.vgchartz.com/game/222203/goosebumps-the-game/?region=All
Batman: A Telltale Game Series,NS,0.12,Telltale Games,Adventure,14 Nov 17,https://www.vgchartz.com/games/boxart/full_6575804AmericaFrontccc.jpg,https://www.vgchartz.com/game/203194/batman-a-telltale-game-series/?region=All
Hello Neighbor: Hide & Seek,NS,0.07,Gearbox Software,Adventure,07 Dec 18,https://www.vgchartz.com/games/boxart/full_6234187AmericaFrontccc.jpg,https://www.vgchartz.com/game/222843/hello-neighbor-hide-amp-seek/?region=All
Scribblenauts Mega Pack,NS,0.05,Warner Bros. Interactive Entertainment,Adventure,18 Sep 18,https://www.vgchartz.com/games/boxart/full_3919089AmericaFrontccc.jpg,https://www.vgchartz.com/game/222626/scribblenauts-mega-pack/?region=All
Cat Quest,NS,0.04,PQube,Adventure,09 Oct 18,https://www.vgchartz.com/games/boxart/full_4121305AmericaFrontccc.jpg,https://www.vgchartz.com/game/221295/cat-quest/?region=All
Adventure Time: Pirates of the Enchiridion,NS,0.03,Outright Games,Adventure,17 Jul 18,https://www.vgchartz.com/games/boxart/full_1253974AmericaFrontccc.jpg,https://www.vgchartz.com/game/221378/adventure-time-pirates-of-the-enchiridion/?region=All
The Town of Light,NS,0.03,Wired Productions,Adventure,01 Jan 18,https://www.vgchartz.com/games/boxart/full_4262709AmericaFrontccc.jpg,https://www.vgchartz.com/game/221765/the-town-of-light/?region=All
Death Mark,NS,0.03,Aksys Games,Adventure,31 Oct 18,https://www.vgchartz.com/games/boxart/full_8856433PALFrontccc.jpg,https://www.vgchartz.com/game/222607/death-mark/?region=All
Syberia,NS,0.02,Microids,Adventure,20 Oct 17,https://www.vgchartz.com/games/boxart/full_5179710PALFrontccc.jpg,https://www.vgchartz.com/game/212696/syberia/?region=All
Minecraft: Story Mode - Season Two,NS,0.02,Telltale Games,Adventure,06 Nov 18,https://www.vgchartz.com/games/boxart/full_9981853AmericaFrontccc.jpg,https://www.vgchartz.com/game/222532/minecraft-story-mode-season-two/?region=All
Flipping Death,NS,0.01,Rising Star,Adventure,16 Oct 18,https://www.vgchartz.com/games/boxart/full_922270AmericaFrontccc.jpg,https://www.vgchartz.com/game/221136/flipping-death/?region=All
Jake Hunter Detective Story: Prism of Eyes,NS,0.01,Arc System Works,Adventure,09 Aug 18,https://www.vgchartz.com/games/boxart/full_6613416JapanFrontccc.jpg,https://www.vgchartz.com/game/222688/jake-hunter-detective-story-prism-of-eyes/?region=All
Syberia 2,NS,0.01,Microids,Adventure,30 Nov 17,https://www.vgchartz.com/games/boxart/full_2084535PALFrontccc.jpg,https://www.vgchartz.com/game/212695/syberia-2/?region=All
Super Smash Bros. Ultimate,NS,18.84,Nintendo,Fighting,07 Dec 18,https://www.vgchartz.com/games/boxart/full_8423750AmericaFrontccc.jpg,https://www.vgchartz.com/game/221289/super-smash-bros-ultimate/?region=All
ARMS,NS,2.21,Nintendo,Fighting,16 Jun 17,https://www.vgchartz.com/games/boxart/full_84620AmericaFrontccc.png,https://www.vgchartz.com/game/153117/arms/?region=All
Pokken Tournament DX,NS,1.16,Nintendo,Fighting,22 Sep 17,https://www.vgchartz.com/games/boxart/full_8288592AmericaFrontccc.png,https://www.vgchartz.com/game/181422/pokken-tournament-dx/?region=All
Ultra Street Fighter II: The Final Challengers,NS,0.57,Capcom,Fighting,26 May 17,https://www.vgchartz.com/games/boxart/full_86372AmericaFrontccc.jpg,https://www.vgchartz.com/game/161516/ultra-street-fighter-ii-the-final-challengers/?region=All
Dragon Ball FighterZ,NS,0.44,Bandai Namco Entertainment,Fighting,28 Sep 18,https://www.vgchartz.com/games/boxart/full_4024693AmericaFrontccc.jpg,https://www.vgchartz.com/game/222155/dragon-ball-fighterz/?region=All
My Hero One's Justice,NS,0.26,Bandai Namco Entertainment,Fighting,26 Oct 18,https://www.vgchartz.com/games/boxart/full_4349170AmericaFrontccc.jpg,https://www.vgchartz.com/game/221860/my-hero-ones-justice/?region=All
Street Fighter 30th Anniversary Collection,NS,0.19,Capcom,Fighting,29 May 18,https://www.vgchartz.com/games/boxart/full_3440880AmericaFrontccc.jpg,https://www.vgchartz.com/game/220807/street-fighter-30th-anniversary-collection/?region=All
BlazBlue: Cross Tag Battle,NS,0.07,Arc System Works,Fighting,05 Jun 18,https://www.vgchartz.com/games/boxart/full_4489495AmericaFrontccc.jpg,https://www.vgchartz.com/game/220338/blazblue-cross-tag-battle/?region=All
SNK Heroines Tag Team Frenzy,NS,0.05,NIS America,Fighting,07 Sep 18,https://www.vgchartz.com/games/boxart/full_4909469AmericaFrontccc.jpg,https://www.vgchartz.com/game/220631/snk-heroines-tag-team-frenzy/?region=All
Blade Strangers,NS,0.04,Nicalis,Fighting,28 Aug 18,https://www.vgchartz.com/games/boxart/full_1313229AmericaFrontccc.jpg,https://www.vgchartz.com/game/220583/blade-strangers/?region=All
Naruto Shippuden: Ultimate Ninja Storm Trilogy,NS,0.03,Bandai Namco Games,Fighting,26 Apr 18,https://www.vgchartz.com/games/boxart/full_3590570JapanFrontccc.jpg,https://www.vgchartz.com/game/221228/naruto-shippuden-ultimate-ninja-storm-trilogy/?region=All
Kamen Rider: Climax Scramble Zi-O,NS,0.03,Bandai Namco Games,Fighting,29 Nov 18,https://www.vgchartz.com/games/boxart/full_5558506JapanFrontccc.jpg,https://www.vgchartz.com/game/223311/kamen-rider-climax-scramble-zi-o/?region=All
Brawlout,NS,0.01,Merge Games,Fighting,26 Jun 18,https://www.vgchartz.com/games/boxart/full_7075090AmericaFrontccc.jpg,https://www.vgchartz.com/game/221071/brawlout/?region=All
Capcom Beat 'Em Up Bundle,NS,0.01,Capcom,Fighting,18 Sep 18,https://www.vgchartz.com/games/boxart/full_4960876AmericaFrontccc.png,https://www.vgchartz.com/game/222796/capcom-beat-em-up-bundle/?region=All
Fitness Boxing,NS,0.80,Nintendo,Music,04 Jan 19,https://www.vgchartz.com/games/boxart/full_6739111AmericaFrontccc.jpg,https://www.vgchartz.com/game/222934/fitness-boxing/?region=All
Just Dance 2019,NS,0.76,Ubisoft,Music,23 Oct 18,https://www.vgchartz.com/games/boxart/full_7733580AmericaFrontccc.jpg,https://www.vgchartz.com/game/222190/just-dance-2019/?region=All
Just Dance 2018,NS,0.76,Ubisoft,Music,24 Oct 17,https://www.vgchartz.com/games/boxart/full_483139AmericaFrontccc.jpg,https://www.vgchartz.com/game/203200/just-dance-2018/?region=All
Taiko no Tatsujin: Drum 'n' Fun!,NS,0.60,Bandai Namco Games,Music,02 Nov 18,https://www.vgchartz.com/games/boxart/full_5902227PALFrontccc.jpg,https://www.vgchartz.com/game/222680/taiko-no-tatsujin-drum-n-fun/?region=All
Just Dance 2017,NS,0.29,Ubisoft,Music,03 Mar 17,https://www.vgchartz.com/games/boxart/full_3662383AmericaFrontccc.jpg,https://www.vgchartz.com/game/119956/just-dance-2017/?region=All
Hatsune Miku: Project Diva MegaMix,NS,0.15,Sega,Music,15 May 20,https://www.vgchartz.com/games/boxart/full_7498369AmericaFrontccc.jpg,https://www.vgchartz.com/game/226004/hatsune-miku-project-diva-megamix/?region=All
Let's Sing 2019,NS,0.03,Ravenscourt,Music,26 Oct 18,https://www.vgchartz.com/games/boxart/full_2134012PALFrontccc.jpg,https://www.vgchartz.com/game/223116/lets-sing-2019/?region=All
SUPERBEAT: XONiC,NS,0.03,PM Studios,Music,21 Nov 17,https://www.vgchartz.com/games/boxart/full_9960509AmericaFrontccc.jpg,https://www.vgchartz.com/game/203230/superbeat-xonic/?region=All
Let's Sing 2018,NS,0.03,Koch Media,Music,24 Nov 17,https://www.vgchartz.com/games/boxart/full_3766370PALFrontccc.jpg,https://www.vgchartz.com/game/220616/lets-sing-2018/?region=All
Gal Metal!,NS,0.02,Xseed Games,Music,30 Oct 18,https://www.vgchartz.com/games/boxart/full_4309501AmericaFrontccc.jpg,https://www.vgchartz.com/game/221159/gal-metal/?region=All
Musynx,NS,0.01,PM Studios,Music,19 Jun 18,https://www.vgchartz.com/games/boxart/full_8076844AmericaFrontccc.jpg,https://www.vgchartz.com/game/220576/musynx/?region=All
VOEZ,NS,0.01,PM Studios,Music,14 Aug 18,https://www.vgchartz.com/games/boxart/full_7239816AmericaFrontccc.jpg,https://www.vgchartz.com/game/220911/voez/?region=All
Super Mario Party,NS,10.10,Nintendo,Party,05 Oct 18,https://www.vgchartz.com/games/boxart/full_4963230AmericaFrontccc.jpg,https://www.vgchartz.com/game/222153/super-mario-party/?region=All
1-2-Switch,NS,3.01,Nintendo,Party,03 Mar 17,https://www.vgchartz.com/games/boxart/full_3991269AmericaFrontccc.jpg,https://www.vgchartz.com/game/153115/1-2-switch/?region=All
Carnival Games,NS,0.27,2K Games,Party,06 Nov 18,https://www.vgchartz.com/games/boxart/full_1280516AmericaFrontccc.jpg,https://www.vgchartz.com/game/222265/carnival-games/?region=All
America's Greatest Game Shows: Wheel of Fortune and Jeopardy!,NS,0.06,Ubisoft,Party,30 Oct 18,https://www.vgchartz.com/games/boxart/full_9533127AmericaFrontccc.jpg,https://www.vgchartz.com/game/222950/americas-greatest-game-shows-wheel-of-fortune-and-jeopardy/?region=All
Party Arcade,NS,0.06,Planet Entertainment,Party,09 Nov 18,https://www.vgchartz.com/games/boxart/full_9550204AmericaFrontccc.jpg,https://www.vgchartz.com/game/222634/party-arcade/?region=All
Hasbro Game Night for Nintendo Switch,NS,0.01,Ubisoft,Party,30 Oct 18,https://www.vgchartz.com/games/boxart/full_3384529PALFrontccc.png,https://www.vgchartz.com/game/222951/hasbro-game-night-for-nintendo-switch/?region=All
Super Mario Odyssey,NS,17.41,Nintendo,Platform,27 Oct 17,https://www.vgchartz.com/games/boxart/full_1659701AmericaFrontccc.jpg,https://www.vgchartz.com/game/152831/super-mario-odyssey/?region=All
New Super Mario Bros. U Deluxe,NS,6.60,Nintendo,Platform,11 Jan 19,https://www.vgchartz.com/games/boxart/full_4959961AmericaFrontccc.jpg,https://www.vgchartz.com/game/222773/new-super-mario-bros-u-deluxe/?region=All
Super Mario Maker 2,NS,5.48,Nintendo,Platform,28 Jun 19,https://www.vgchartz.com/games/boxart/full_9518829AmericaFrontccc.jpg,https://www.vgchartz.com/game/223537/super-mario-maker-2/?region=All
Kirby Star Allies,NS,2.56,Nintendo,Platform,16 Mar 18,https://www.vgchartz.com/games/boxart/full_6412652AmericaFrontccc.jpg,https://www.vgchartz.com/game/182718/kirby-star-allies/?region=All
Donkey Kong Country: Tropical Freeze,NS,2.25,Nintendo,Platform,04 May 18,https://www.vgchartz.com/games/boxart/full_2418105AmericaFrontccc.jpg,https://www.vgchartz.com/game/220635/donkey-kong-country-tropical-freeze/?region=All
Crash Bandicoot N. Sane Trilogy,NS,1.11,Activision,Platform,29 Jun 18,https://www.vgchartz.com/games/boxart/full_9892340AmericaFrontccc.jpg,https://www.vgchartz.com/game/221276/crash-bandicoot-n-sane-trilogy/?region=All
Yoshi's Crafted World,NS,1.11,Nintendo,Platform,29 Mar 19,https://www.vgchartz.com/games/boxart/full_7109212AmericaFrontccc.jpg,https://www.vgchartz.com/game/182717/yoshis-crafted-world/?region=All
Sonic Forces,NS,0.74,Sega,Platform,07 Nov 17,https://www.vgchartz.com/games/boxart/full_3237893AmericaFrontccc.jpg,https://www.vgchartz.com/game/194444/sonic-forces/?region=All
Rayman Legends,NS,0.69,Ubisoft,Platform,12 Sep 17,https://www.vgchartz.com/games/boxart/full_9150225AmericaFrontccc.jpg,https://www.vgchartz.com/game/192884/rayman-legends/?region=All
LEGO City Undercover,NS,0.65,Warner Bros. Interactive Entertainment,Platform,04 Apr 17,https://www.vgchartz.com/games/boxart/full_3260020AmericaFrontccc.jpg,https://www.vgchartz.com/game/153125/lego-city-undercover/?region=All
Sonic Mania,NS,0.47,Sega,Platform,15 Aug 17,https://www.vgchartz.com/games/boxart/full_9293555AmericaFrontccc.jpg,https://www.vgchartz.com/game/161485/sonic-mania/?region=All
Shovel Knight,NS,0.37,Yacht Club Games,Platform,09 Apr 19,https://www.vgchartz.com/games/boxart/full_3473087AmericaFrontccc.jpg,https://www.vgchartz.com/game/220222/shovel-knight/?region=All
Mega Man 11,NS,0.36,Capcom,Platform,02 Oct 18,https://www.vgchartz.com/games/boxart/full_8867893AmericaFrontccc.jpg,https://www.vgchartz.com/game/220336/mega-man-11/?region=All
Mega Man Legacy Collection 1+2,NS,0.25,Capcom,Platform,22 May 18,https://www.vgchartz.com/games/boxart/full_1474256AmericaFrontccc.jpg,https://www.vgchartz.com/game/221125/mega-man-legacy-collection-12/?region=All
Skylanders Imaginators,NS,0.23,Activision,Platform,03 Mar 17,https://www.vgchartz.com/games/boxart/full_2197944AmericaFrontccc.jpg,https://www.vgchartz.com/game/153116/skylanders-imaginators/?region=All
Cave Story+,NS,0.15,Nicalis,Platform,20 Jun 17,https://www.vgchartz.com/games/boxart/full_1222752AmericaFrontccc.jpg,https://www.vgchartz.com/game/166962/cave-story/?region=All
Paw Patrol on a Roll,NS,0.13,Outright Games,Platform,23 Oct 18,https://www.vgchartz.com/games/boxart/full_6028091PALFrontccc.jpg,https://www.vgchartz.com/game/222519/paw-patrol-on-a-roll/?region=All
Shantae: Half-Genie Hero,NS,0.12,Xseed Games,Platform,08 May 18,https://www.vgchartz.com/games/boxart/full_5921075AmericaFrontccc.jpg,https://www.vgchartz.com/game/220577/shantae-half-genie-hero/?region=All
Poi,NS,0.07,Polykid,Platform,01 Feb 17,https://www.vgchartz.com/games/boxart/full_5564174AmericaFrontccc.jpg,https://www.vgchartz.com/game/206655/poi/?region=All
Scribblenauts: Showdown,NS,0.07,Warner Bros. Interactive,Platform,06 Mar 18,https://www.vgchartz.com/games/boxart/full_8927022AmericaFrontccc.jpg,https://www.vgchartz.com/game/220819/scribblenauts-showdown/?region=All
The End is Nigh,NS,0.06,Nicalis,Platform,12 Dec 17,https://www.vgchartz.com/games/boxart/full_3735033AmericaFrontccc.png,https://www.vgchartz.com/game/210250/the-end-is-nigh/?region=All
Owlboy,NS,0.05,Soedesco,Platform,29 May 18,https://www.vgchartz.com/games/boxart/full_4912104AmericaFrontccc.jpg,https://www.vgchartz.com/game/220382/owlboy/?region=All
Little Nightmares,NS,0.05,Bandai Namco Entertainment,Platform,18 May 18,https://www.vgchartz.com/games/boxart/full_3899983AmericaFrontccc.jpg,https://www.vgchartz.com/game/221266/little-nightmares/?region=All
Toki Collector's Edition,NS,0.05,Microids,Platform,22 Nov 18,https://www.vgchartz.com/games/boxart/full_603073AmericaFrontccc.png,https://www.vgchartz.com/game/222620/toki-collectors-edition/?region=All
Wonder Boy: The Dragon's Trap (Remake),NS,0.05,DotEmu,Platform,18 Apr 17,https://www.vgchartz.com/games/boxart/full_7933968AmericaFrontccc.jpg,https://www.vgchartz.com/game/188498/wonder-boy-the-dragons-trap-remake/?region=All
Salt and Sanctuary,NS,0.03,Leadman Games,Platform,11 Dec 18,https://www.vgchartz.com/games/boxart/full_2146880AmericaFrontccc.jpg,https://www.vgchartz.com/game/222526/salt-and-sanctuary/?region=All
Flashback,NS,0.03,Maximum Games,Platform,20 Nov 18,https://www.vgchartz.com/games/boxart/full_6901903PALFrontccc.jpg,https://www.vgchartz.com/game/221372/flashback/?region=All
de Blob 2,NS,0.03,THQ Nordic,Platform,28 Aug 18,https://www.vgchartz.com/games/boxart/full_3813791AmericaFrontccc.jpg,https://www.vgchartz.com/game/221108/de-blob-2/?region=All
Mega Man X Legacy Collection 1+2,NS,0.03,Capcom,Platform,24 Jul 18,https://www.vgchartz.com/games/boxart/full_699032AmericaFrontccc.jpg,https://www.vgchartz.com/game/221983/mega-man-x-legacy-collection-12/?region=All
The Liar Princess and the Blind Prince,NS,0.02,NIS America,Platform,30 Mar 19,https://www.vgchartz.com/games/boxart/full_1025315AmericaFrontccc.jpg,https://www.vgchartz.com/game/221155/the-liar-princess-and-the-blind-prince/?region=All
Runner3,NS,0.02,Nicalis,Platform,22 May 18,https://www.vgchartz.com/games/boxart/full_1841092AmericaFrontccc.jpg,https://www.vgchartz.com/game/220918/runner3/?region=All
Mega Man X Legacy Collection 1,NS,0.01,Capcom,Platform,26 Jul 18,https://www.vgchartz.com/games/boxart/full_1843201AmericaFrontccc.png,https://www.vgchartz.com/game/222707/mega-man-x-legacy-collection-1/?region=All
Candle: The Power of the Flame,NS,0.01,Merge Games,Platform,16 Oct 18,https://www.vgchartz.com/games/boxart/full_1381415AmericaFrontccc.jpg,https://www.vgchartz.com/game/222296/candle-the-power-of-the-flame/?region=All
Mega Man X Legacy Collection 2,NS,0.01,Capcom,Platform,26 Jul 18,https://www.vgchartz.com/games/boxart/full_9528840AmericaFrontccc.png,https://www.vgchartz.com/game/222710/mega-man-x-legacy-collection-2/?region=All
SteamWorld Dig 2,NS,0.01,Rising Star Games,Platform,19 Jun 18,https://www.vgchartz.com/games/boxart/full_186971AmericaFrontccc.jpg,https://www.vgchartz.com/game/221401/steamworld-dig-2/?region=All
Giana Sisters: Twisted Dreams,NS,0.01,THQ Nordic,Platform,25 Sep 18,https://www.vgchartz.com/games/boxart/full_7302475PALFrontccc.jpg,https://www.vgchartz.com/game/222973/giana-sisters-twisted-dreams/?region=All
Super Putty Squad,NS,0.01,System 3,Platform,09 Nov 17,https://www.vgchartz.com/games/boxart/full_3183611PALFrontccc.jpg,https://www.vgchartz.com/game/220812/super-putty-squad/?region=All
Captain Toad: Treasure Tracker,NS,1.18,Nintendo,Puzzle,13 Jul 18,https://www.vgchartz.com/games/boxart/full_7236801AmericaFrontccc.jpg,https://www.vgchartz.com/game/221271/captain-toad-treasure-tracker/?region=All
Super Bomberman R,NS,0.87,Konami Digital Entertainment,Puzzle,03 Mar 17,https://www.vgchartz.com/games/boxart/full_6805319AmericaFrontccc.jpg,https://www.vgchartz.com/game/153119/super-bomberman-r/?region=All
Puyo Puyo Tetris,NS,0.55,Sega,Puzzle,25 Apr 17,https://www.vgchartz.com/games/boxart/full_9894560AmericaFrontccc.jpg,https://www.vgchartz.com/game/153123/puyo-puyo-tetris/?region=All
Bendy and the Ink Machine,NS,0.17,Rooster Teeth Games,Puzzle,20 Nov 18,https://www.vgchartz.com/games/boxart/full_3089000AmericaFrontccc.jpg,https://www.vgchartz.com/game/222418/bendy-and-the-ink-machine/?region=All
"Snipperclips Plus: Cut It Out, Together!",NS,0.12,Nintendo,Puzzle,03 Mar 17,https://www.vgchartz.com/games/boxart/full_2953901AmericaFrontccc.jpg,https://www.vgchartz.com/game/162763/snipperclips-plus-cut-it-out-together/?region=All
Sushi Striker: The Way of Sushido,NS,0.07,Nintendo,Puzzle,08 Jun 18,https://www.vgchartz.com/games/boxart/full_7662563AmericaFrontccc.jpg,https://www.vgchartz.com/game/221273/sushi-striker-the-way-of-sushido/?region=All
Layton's Mystery Journey: Katrielle and The Millionaires' Conspiracy DX,NS,0.03,Level 5,Puzzle,08 Nov 19,https://www.vgchartz.com/games/boxart/full_5940192PALFrontccc.jpg,https://www.vgchartz.com/game/222822/laytons-mystery-journey-katrielle-and-the-millionaires-conspiracy-dx/?region=All
"Soldam: Drop, Connect, Erase",NS,0.02,Dispatch Games,Puzzle,10 Oct 17,https://www.vgchartz.com/games/boxart/full_6027569AmericaFrontccc.jpg,https://www.vgchartz.com/game/192937/soldam-drop-connect-erase/?region=All
Lumo,NS,0.02,Rising Star Games,Puzzle,21 Nov 17,https://www.vgchartz.com/games/boxart/full_6650964AmericaFrontccc.jpg,https://www.vgchartz.com/game/220601/lumo/?region=All
Gotouchi Tetsudou for Nintendo Switch!!,NS,0.02,Bandai Namco Games,Puzzle,22 Feb 18,https://www.vgchartz.com/games/boxart/full_6033550JapanFrontccc.jpg,https://www.vgchartz.com/game/220908/gotouchi-tetsudou-for-nintendo-switch/?region=All
Mario Kart 8 Deluxe,NS,24.77,Nintendo,Racing,28 Apr 17,https://www.vgchartz.com/games/boxart/full_895207AmericaFrontccc.png,https://www.vgchartz.com/game/153114/mario-kart-8-deluxe/?region=All
Nintendo Labo: Toy-Con 03 Vehicle Kit,NS,0.41,Nintendo,Racing,14 Sep 18,https://www.vgchartz.com/games/boxart/full_5283456AmericaFrontccc.png,https://www.vgchartz.com/game/222409/nintendo-labo-toy-con-03-vehicle-kit/?region=All
Cars 3: Driven to Win,NS,0.32,Warner Bros. Interactive Entertainment,Racing,13 Jun 17,https://www.vgchartz.com/games/boxart/full_2813536AmericaFrontccc.jpg,https://www.vgchartz.com/game/166963/cars-3-driven-to-win/?region=All
Gear.Club Unlimited,NS,0.15,Microids,Racing,21 Nov 17,https://www.vgchartz.com/games/boxart/full_9900131AmericaFrontccc.jpg,https://www.vgchartz.com/game/206656/gearclub-unlimited/?region=All
Nickelodeon Kart Racers,NS,0.13,GameMill Entertainment,Racing,23 Oct 18,https://www.vgchartz.com/games/boxart/full_7655020PALFrontccc.jpg,https://www.vgchartz.com/game/222199/nickelodeon-kart-racers/?region=All
MXGP 3: The Official Motocross Videogame,NS,0.08,Milestone S.r.l.,Racing,17 Nov 17,https://www.vgchartz.com/games/boxart/full_1808207AmericaFrontccc.jpg,https://www.vgchartz.com/game/219846/mxgp-3-the-official-motocross-videogame/?region=All
Monster Jam: Crush It,NS,0.08,GameMill,Racing,31 Oct 17,https://www.vgchartz.com/games/boxart/full_3270846AmericaFrontccc.png,https://www.vgchartz.com/game/204846/monster-jam-crush-it/?region=All
Spintires: MudRunner - American Wilds,NS,0.06,Maximum Games,Racing,23 Oct 18,https://www.vgchartz.com/games/boxart/full_7194843AmericaFrontccc.jpg,https://www.vgchartz.com/game/222753/spintires-mudrunner-american-wilds/?region=All
Snow Moto Racing Freedom,NS,0.03,Big Ben Interactive,Racing,27 Mar 18,https://www.vgchartz.com/games/boxart/full_8850787AmericaFrontccc.jpg,https://www.vgchartz.com/game/220898/snow-moto-racing-freedom/?region=All
Monster Energy Supercross - The Official Videogame,NS,0.03,Milestone S.r.l.,Racing,13 Feb 18,https://www.vgchartz.com/games/boxart/full_7323254AmericaFrontccc.jpg,https://www.vgchartz.com/game/217424/monster-energy-supercross-the-official-videogame/?region=All
Aqua Moto Racing Utopia,NS,0.03,Big Ben Interactive,Racing,27 Mar 18,https://www.vgchartz.com/games/boxart/full_6253633AmericaFrontccc.jpg,https://www.vgchartz.com/game/220897/aqua-moto-racing-utopia/?region=All
Gear Club Unlimited 2,NS,0.02,Microids,Racing,04 Dec 18,https://www.vgchartz.com/games/boxart/full_1621469PALFrontccc.jpg,https://www.vgchartz.com/game/222911/gear-club-unlimited-2/?region=All
GRIP: Combat Racing,NS,0.02,U&I Entertainment,Racing,06 Nov 18,https://www.vgchartz.com/games/boxart/full_3394357AmericaFrontccc.jpg,https://www.vgchartz.com/game/221671/grip-combat-racing/?region=All
Moto Racer 4,NS,0.01,Maximum Games,Racing,20 Nov 18,https://www.vgchartz.com/games/boxart/full_6139177AmericaFrontccc.jpg,https://www.vgchartz.com/game/222987/moto-racer-4/?region=All
All-Star Fruit Racing,NS,0.01,PQube,Racing,21 Aug 18,https://www.vgchartz.com/games/boxart/full_9336503AmericaFrontccc.jpg,https://www.vgchartz.com/game/222055/all-star-fruit-racing/?region=All
Trailblazers,NS,0.01,Rising Star Games,Racing,15 Apr 18,https://www.vgchartz.com/games/boxart/full_7293146AmericaFrontccc.jpg,https://www.vgchartz.com/game/222851/trailblazers/?region=All
ATV Drift & Tricks,NS,0.01,Microids,Racing,22 Nov 18,https://www.vgchartz.com/games/boxart/full_2235276AmericaFrontccc.png,https://www.vgchartz.com/game/222998/atv-drift-amp-tricks/?region=All
Pokémon Sword / Shield,NS,17.37,Nintendo,Role-Playing,15 Nov 19,https://www.vgchartz.com/games/boxart/full_5364794AmericaFrontccc.jpg,https://www.vgchartz.com/game/223748/pokemon-sword-shield/?region=All
"Pokémon: Let's Go, Pikachu/Eevee",NS,11.97,Nintendo,Role-Playing,16 Nov 18,https://www.vgchartz.com/games/boxart/full_2669309AmericaFrontccc.jpg,https://www.vgchartz.com/game/223377/pokemon-lets-go-pikachueevee/?region=All
"Pokémon: Let's Go, Pikachu!",NS,4.57,Nintendo,Role-Playing,16 Nov 18,https://www.vgchartz.com/games/boxart/full_7522699AmericaFrontccc.jpg,https://www.vgchartz.com/game/222024/pokemon-lets-go-pikachu/?region=All
Fire Emblem: Three Houses,NS,2.87,Nintendo,Role-Playing,26 Jul 19,https://www.vgchartz.com/games/boxart/full_4873458AmericaFrontccc.jpg,https://www.vgchartz.com/game/222154/fire-emblem-three-houses/?region=All
"Pokémon: Let's Go, Eevee!",NS,2.73,Nintendo,Role-Playing,16 Nov 18,https://www.vgchartz.com/games/boxart/full_6673831AmericaFrontccc.jpg,https://www.vgchartz.com/game/222025/pokemon-lets-go-eevee/?region=All
Xenoblade Chronicles 2,NS,1.73,Nintendo,Role-Playing,01 Dec 17,https://www.vgchartz.com/games/boxart/full_6928169AmericaFrontccc.png,https://www.vgchartz.com/game/152832/xenoblade-chronicles-2/?region=All
Octopath Traveler,NS,1.50,Nintendo,Role-Playing,13 Jul 18,https://www.vgchartz.com/games/boxart/full_3074366AmericaFrontccc.jpg,https://www.vgchartz.com/game/213656/octopath-traveler/?region=All
Pokémon Mystery Dungeon: Rescue Team DX,NS,1.26,Nintendo,Role-Playing,06 Mar 20,https://www.vgchartz.com/games/boxart/full_4940917AmericaFrontccc.jpg,https://www.vgchartz.com/game/225926/pokemon-mystery-dungeon-rescue-team-dx/?region=All
The Elder Scrolls V: Skyrim,NS,1.15,Bethesda Softworks,Role-Playing,17 Nov 17,https://www.vgchartz.com/games/boxart/full_8154944AmericaFrontccc.png,https://www.vgchartz.com/game/161518/the-elder-scrolls-v-skyrim/?region=All
The Witcher 3: Complete Edition,NS,0.70,CD Projekt Red Studio,Role-Playing,15 Oct 19,https://www.vgchartz.com/games/boxart/full_7228924AmericaFrontccc.jpg,https://www.vgchartz.com/game/225069/the-witcher-3-complete-edition/?region=All
Disgaea 5 Complete,NS,0.34,NIS America,Role-Playing,23 May 17,https://www.vgchartz.com/games/boxart/full_2806511AmericaFrontccc.jpg,https://www.vgchartz.com/game/156625/disgaea-5-complete/?region=All
Dark Souls: Remastered,NS,0.33,Bandai Namco Entertainment,Role-Playing,19 Oct 18,https://www.vgchartz.com/games/boxart/full_9834798AmericaFrontccc.jpg,https://www.vgchartz.com/game/220634/dark-souls-remastered/?region=All
The World Ends with You: Final Remix,NS,0.27,Nintendo,Role-Playing,12 Oct 18,https://www.vgchartz.com/games/boxart/full_3944418AmericaFrontccc.jpg,https://www.vgchartz.com/game/220633/the-world-ends-with-you-final-remix/?region=All
Dragon Quest Builders: Revive Alefgard,NS,0.22,Square Enix,Role-Playing,09 Feb 18,https://www.vgchartz.com/games/boxart/full_2679855AmericaFrontccc.png,https://www.vgchartz.com/game/220650/dragon-quest-builders-revive-alefgard/?region=All
Xenoblade Chronicles 2: Torna ~ The Golden Country,NS,0.16,Nintendo,Role-Playing,21 Sep 18,https://www.vgchartz.com/games/boxart/full_8966602AmericaFrontccc.jpg,https://www.vgchartz.com/game/222156/xenoblade-chronicles-2-torna-the-golden-country/?region=All
Moonlighter,NS,0.15,Merge Games,Role-Playing,09 Nov 18,https://www.vgchartz.com/games/boxart/full_2221640AmericaFrontccc.jpg,https://www.vgchartz.com/game/222035/moonlighter/?region=All
South Park: The Fractured But Whole,NS,0.14,Ubisoft,Role-Playing,24 Apr 18,https://www.vgchartz.com/games/boxart/full_33715AmericaFrontccc.jpg,https://www.vgchartz.com/game/221267/south-park-the-fractured-but-whole/?region=All
The Snack World: Trejarers Gold,NS,0.12,Level 5,Role-Playing,14 Feb 20,https://www.vgchartz.com/games/boxart/full_1025614AmericaFrontccc.png,https://www.vgchartz.com/game/221906/the-snack-world-trejarers-gold/?region=All
Ys VIII: Lacrimosa of Dana,NS,0.11,NIS America,Role-Playing,26 Jun 18,https://www.vgchartz.com/games/boxart/full_7513537PALFrontccc.png,https://www.vgchartz.com/game/220632/ys-viii-lacrimosa-of-dana/?region=All
Dragon Quest Heroes I & II for Nintendo Switch,NS,0.09,Square Enix,Role-Playing,03 Mar 17,https://www.vgchartz.com/games/boxart/full_1095635JapanFrontccc.jpg,https://www.vgchartz.com/game/161261/dragon-quest-heroes-i-amp-ii-for-nintendo-switch/?region=All
Shining Resonance Refrain,NS,0.09,Sega,Role-Playing,10 Jul 18,https://www.vgchartz.com/games/boxart/full_4057139AmericaFrontccc.jpg,https://www.vgchartz.com/game/221175/shining-resonance-refrain/?region=All
Seiken Densetsu Collection,NS,0.07,Square Enix,Role-Playing,01 Jun 17,https://www.vgchartz.com/games/boxart/full_8823873JapanFrontccc.jpg,https://www.vgchartz.com/game/187030/seiken-densetsu-collection/?region=All
Victor Vran: Overkill Edition,NS,0.06,Wired Productions,Role-Playing,28 Aug 18,https://www.vgchartz.com/games/boxart/full_9729027AmericaFrontccc.jpg,https://www.vgchartz.com/game/221370/victor-vran-overkill-edition/?region=All
Disgaea 1 Complete,NS,0.06,NIS America,Role-Playing,09 Oct 18,https://www.vgchartz.com/games/boxart/full_5524695AmericaFrontccc.jpg,https://www.vgchartz.com/game/221889/disgaea-1-complete/?region=All
Portal Knights,NS,0.06,505 Games,Role-Playing,13 Feb 18,https://www.vgchartz.com/games/boxart/full_701529AmericaFrontccc.jpg,https://www.vgchartz.com/game/220227/portal-knights/?region=All
I am Setsuna,NS,0.05,Square Enix,Role-Playing,03 Mar 17,https://www.vgchartz.com/games/boxart/full_9315869JapanFrontccc.jpeg,https://www.vgchartz.com/game/161266/i-am-setsuna/?region=All
Battle Chasers: Nightwar,NS,0.05,THQ Nordic,Role-Playing,15 May 18,https://www.vgchartz.com/games/boxart/full_9981702AmericaFrontccc.jpg,https://www.vgchartz.com/game/179406/battle-chasers-nightwar/?region=All
Lost Sphear,NS,0.04,Square Enix,Role-Playing,23 Jan 18,https://www.vgchartz.com/games/boxart/full_7477406AmericaFrontccc.png,https://www.vgchartz.com/game/191224/lost-sphear/?region=All
Darkest Dungeon,NS,0.03,Merge Games,Role-Playing,24 Apr 18,https://www.vgchartz.com/games/boxart/full_7952090AmericaFrontccc.jpg,https://www.vgchartz.com/game/220843/darkest-dungeon/?region=All
Atelier Lydie & Suelle: The Alchemists and the Mysterious Paintings,NS,0.03,Tecmo Koei,Role-Playing,27 Mar 18,https://www.vgchartz.com/games/boxart/full_3970125AmericaFrontccc.jpg,https://www.vgchartz.com/game/205780/atelier-lydie-amp-suelle-the-alchemists-and-the-mysterious-paintings/?region=All
The Lost Child,NS,0.03,NIS America,Role-Playing,19 Jun 18,https://www.vgchartz.com/games/boxart/full_4161347AmericaFrontccc.jpg,https://www.vgchartz.com/game/221236/the-lost-child/?region=All
Labyrinth of Refrain: Coven of Dusk,NS,0.02,NIS America,Role-Playing,18 Sep 18,https://www.vgchartz.com/games/boxart/full_2787569AmericaFrontccc.jpg,https://www.vgchartz.com/game/221233/labyrinth-of-refrain-coven-of-dusk/?region=All
SaGa: Scarlet Grace,NS,0.02,Square Enix,Role-Playing,03 Dec 19,https://www.vgchartz.com/games/boxart/full_4099330JapanFrontccc.jpg,https://www.vgchartz.com/game/222675/saga-scarlet-grace/?region=All
Undertale,NS,0.02,8-4,Role-Playing,18 Sep 18,https://www.vgchartz.com/games/boxart/full_2572014AmericaFrontccc.jpg,https://www.vgchartz.com/game/221277/undertale/?region=All
Touhou Genso Wanderer Reloaded,NS,0.02,NIS America,Role-Playing,17 Jul 18,https://www.vgchartz.com/games/boxart/full_137059AmericaFrontccc.png,https://www.vgchartz.com/game/221246/touhou-genso-wanderer-reloaded/?region=All
Beyblade Burst: Battle Zero,NS,0.02,FuRyu Corporation,Role-Playing,25 Oct 18,https://www.vgchartz.com/games/boxart/full_6959763JapanFrontccc.jpg,https://www.vgchartz.com/game/223020/beyblade-burst-battle-zero/?region=All
Fallen Legion: Rise to Glory,NS,0.02,NIS America,Role-Playing,29 May 18,https://www.vgchartz.com/games/boxart/full_9715081AmericaFrontccc.jpg,https://www.vgchartz.com/game/221187/fallen-legion-rise-to-glory/?region=All
Banner Saga Trilogy,NS,0.01,Gearbox Software,Role-Playing,21 Sep 18,https://www.vgchartz.com/games/boxart/full_1714722AmericaFrontccc.jpg,https://www.vgchartz.com/game/222389/banner-saga-trilogy/?region=All
The Princess Guide,NS,0.01,NIS America,Role-Playing,15 Mar 19,https://www.vgchartz.com/games/boxart/full_2985736AmericaFrontccc.jpg,https://www.vgchartz.com/game/221498/the-princess-guide/?region=All
Lapis x Labyrinth,NS,0.01,Nippon Ichi Software,Role-Playing,29 Nov 18,https://www.vgchartz.com/games/boxart/full_2044999JapanFrontccc.jpg,https://www.vgchartz.com/game/223314/lapis-x-labyrinth/?region=All
WORKxWORK,NS,0.01,FuRyu Corporation,Role-Playing,04 Oct 18,https://www.vgchartz.com/games/boxart/full_1086485JapanFrontccc.jpg,https://www.vgchartz.com/game/222972/workxwork/?region=All
Atelier: The Alchemist of Arland 1-2-3 DX,NS,0.01,Koei Tecmo,Role-Playing,20 Sep 18,https://www.vgchartz.com/games/boxart/full_191309JapanFrontccc.jpg,https://www.vgchartz.com/game/222907/atelier-the-alchemist-of-arland-1-2-3-dx/?region=All
Splatoon 2,NS,10.13,Nintendo,Shooter,21 Jul 17,https://www.vgchartz.com/games/boxart/full_7536933AmericaFrontccc.png,https://www.vgchartz.com/game/153120/splatoon-2/?region=All
Fortnite,NS,0.69,Warner Bros. Interactive Entertainment,Shooter,16 Nov 18,https://www.vgchartz.com/games/boxart/full_832431PALFrontccc.jpg,https://www.vgchartz.com/game/222219/fortnite/?region=All
Doom (2016),NS,0.43,Bethesda Softworks,Shooter,10 Nov 17,https://www.vgchartz.com/games/boxart/full_9745171AmericaFrontccc.jpg,https://www.vgchartz.com/game/203409/doom-2016/?region=All
Payday 2,NS,0.12,505 Games,Shooter,27 Feb 18,https://www.vgchartz.com/games/boxart/full_1969050AmericaFrontccc.png,https://www.vgchartz.com/game/220591/payday-2/?region=All
Wolfenstein II: The New Colossus,NS,0.11,Bethesda Softworks,Shooter,29 Jun 18,https://www.vgchartz.com/games/boxart/full_7812889AmericaFrontccc.jpg,https://www.vgchartz.com/game/203408/wolfenstein-ii-the-new-colossus/?region=All
Wild Guns Reloaded,NS,0.07,Natsume,Shooter,17 Apr 18,https://www.vgchartz.com/games/boxart/full_544015AmericaFrontccc.jpg,https://www.vgchartz.com/game/221179/wild-guns-reloaded/?region=All
Touhou Kobuto V: Burst Battle,NS,0.06,NIS America,Shooter,10 Oct 17,https://www.vgchartz.com/games/boxart/full_4842375AmericaFrontccc.jpg,https://www.vgchartz.com/game/194041/touhou-kobuto-v-burst-battle/?region=All
Hunting Simulator,NS,0.02,Bigben Interactive,Shooter,10 Jul 18,https://www.vgchartz.com/games/boxart/full_4621915AmericaFrontccc.jpg,https://www.vgchartz.com/game/221908/hunting-simulator/?region=All
Big Buck Hunter Arcade,NS,0.01,GameMill Entertainment,Shooter,16 Oct 18,https://www.vgchartz.com/games/boxart/full_1374521AmericaFrontccc.jpeg,https://www.vgchartz.com/game/222211/big-buck-hunter-arcade/?region=All
Animal Crossing: New Horizons,NS,13.41,Nintendo,Simulation,20 Mar 20,https://www.vgchartz.com/games/boxart/full_5208890AmericaFrontccc.jpg,https://www.vgchartz.com/game/222779/animal-crossing-new-horizons/?region=All
Overcooked! 2,NS,0.29,Sold Out,Simulation,07 Aug 18,https://www.vgchartz.com/games/boxart/full_1201752AmericaFrontccc.jpg,https://www.vgchartz.com/game/222193/overcooked-2/?region=All
Harvest Moon: Light of Hope,NS,0.17,Natsume,Simulation,29 May 18,https://www.vgchartz.com/games/boxart/full_2312877AmericaFrontccc.jpg,https://www.vgchartz.com/game/221178/harvest-moon-light-of-hope/?region=All
Little Dragons Café,NS,0.13,Aksys Games,Simulation,24 Aug 18,https://www.vgchartz.com/games/boxart/full_5719259AmericaFrontccc.jpg,https://www.vgchartz.com/game/221486/little-dragons-cafe/?region=All
Farming Simulator 17,NS,0.13,Focus Home Interactive,Simulation,07 Nov 17,https://www.vgchartz.com/games/boxart/full_4305058AmericaFrontccc.jpg,https://www.vgchartz.com/game/208593/farming-simulator-17/?region=All
Overcooked Special Edition,NS,0.11,Team 17,Simulation,13 Feb 18,https://www.vgchartz.com/games/boxart/full_1078014AmericaFrontccc.jpg,https://www.vgchartz.com/game/220605/overcooked-special-edition/?region=All
Bass Pro Shops: The Strike - Championship Edition,NS,0.07,Planet Entertainment,Simulation,09 Nov 18,https://www.vgchartz.com/games/boxart/full_4746180AmericaFrontccc.jpg,https://www.vgchartz.com/game/222527/bass-pro-shops-the-strike-championship-edition/?region=All
Cabela's The Hunt: Championship Edition Bundle,NS,0.07,Planet Entertainment,Simulation,09 Nov 18,https://www.vgchartz.com/games/boxart/full_8209916AmericaFrontccc.jpg,https://www.vgchartz.com/game/222528/cabelas-the-hunt-championship-edition-bundle/?region=All
My Riding Stables: Life with Horses,NS,0.05,TREVA Entertainment,Simulation,13 Nov 18,https://www.vgchartz.com/games/boxart/full_1635701AmericaFrontccc.jpg,https://www.vgchartz.com/game/222447/my-riding-stables-life-with-horses/?region=All
Cats Together,NS,0.02,Bandai Namco Games,Simulation,01 Nov 18,https://www.vgchartz.com/games/boxart/full_923165JapanFrontccc.jpg,https://www.vgchartz.com/game/223018/cats-together/?region=All
Gal Gun 2,NS,0.02,PQube,Simulation,24 Apr 18,https://www.vgchartz.com/games/boxart/full_4302280AmericaFrontccc.jpg,https://www.vgchartz.com/game/220835/gal-gun-2/?region=All
Project Highrise: Architect's Edition,NS,0.02,Kalypso Media,Simulation,13 Nov 18,https://www.vgchartz.com/games/boxart/full_8904077AmericaFrontccc.jpg,https://www.vgchartz.com/game/222253/project-highrise-architects-edition/?region=All
Rapala Fishing Pro Series,NS,0.02,GameMill Entertainment,Simulation,16 Oct 18,https://www.vgchartz.com/games/boxart/full_2005849AmericaFrontccc.jpg,https://www.vgchartz.com/game/222210/rapala-fishing-pro-series/?region=All
Champion Jockey Special,NS,0.01,Tecmo Koei,Simulation,14 Sep 17,https://www.vgchartz.com/games/boxart/full_6132851JapanFrontccc.jpg,https://www.vgchartz.com/game/204249/champion-jockey-special/?region=All
Neo Atlas 1469,NS,0.01,Studio Artdink,Simulation,19 Apr 18,https://www.vgchartz.com/games/boxart/full_4183615JapanFrontccc.jpg,https://www.vgchartz.com/game/220861/neo-atlas-1469/?region=All
Mario Tennis Aces,NS,2.75,Nintendo,Sports,22 Jun 18,https://www.vgchartz.com/games/boxart/full_3754726AmericaFrontccc.jpg,https://www.vgchartz.com/game/220629/mario-tennis-aces/?region=All
FIFA 18,NS,1.10,EA Sports,Sports,29 Sep 17,https://www.vgchartz.com/games/boxart/full_3285439AmericaFrontccc.jpg,https://www.vgchartz.com/game/180527/fifa-18/?region=All
FIFA 19,NS,0.75,Electronic Arts,Sports,28 Sep 18,https://www.vgchartz.com/games/boxart/full_7629243AmericaFrontccc.jpg,https://www.vgchartz.com/game/222167/fifa-19/?region=All
NBA 2K18,NS,0.43,2K Sports,Sports,19 Sep 17,https://www.vgchartz.com/games/boxart/full_1832878AmericaFrontccc.jpg,https://www.vgchartz.com/game/174556/nba-2k18/?region=All
Rocket League,NS,0.40,505 Games,Sports,16 Jan 18,https://www.vgchartz.com/games/boxart/full_7402618AmericaFrontccc.jpg,https://www.vgchartz.com/game/182724/rocket-league/?region=All
NBA 2K19,NS,0.30,2K Sports,Sports,11 Sep 18,https://www.vgchartz.com/games/boxart/full_1194945AmericaFrontccc.jpg,https://www.vgchartz.com/game/222085/nba-2k19/?region=All
WWE 2K18,NS,0.23,2K Sports,Sports,05 Dec 17,https://www.vgchartz.com/games/boxart/full_6513128AmericaFrontccc.jpg,https://www.vgchartz.com/game/189446/wwe-2k18/?region=All
Sports Party,NS,0.17,Ubisoft,Sports,30 Oct 18,https://www.vgchartz.com/games/boxart/full_9671191AmericaFrontccc.jpg,https://www.vgchartz.com/game/222718/sports-party/?region=All
NBA 2K Playgrounds 2,NS,0.14,2K Games,Sports,09 Nov 18,https://www.vgchartz.com/games/boxart/full_5374460AmericaFrontccc.jpg,https://www.vgchartz.com/game/222758/nba-2k-playgrounds-2/?region=All
R.B.I. Baseball 18,NS,0.13,MLB Advanced Media,Sports,20 Mar 18,https://www.vgchartz.com/games/boxart/full_2982976AmericaFrontccc.jpg,https://www.vgchartz.com/game/220862/rbi-baseball-18/?region=All
Pro Yakyuu Famista Evolution,NS,0.12,Bandai Namco Games,Sports,02 Aug 18,https://www.vgchartz.com/games/boxart/full_703921JapanFrontccc.jpg,https://www.vgchartz.com/game/222673/pro-yakyuu-famista-evolution/?region=All
Mutant Football League: Dynasty Edition,NS,0.09,Nighthawk Interactive,Sports,30 Oct 18,https://www.vgchartz.com/games/boxart/full_4874050AmericaFrontccc.jpg,https://www.vgchartz.com/game/222340/mutant-football-league-dynasty-edition/?region=All
R.B.I. Baseball 2017,NS,0.08,MLB.com,Sports,05 Sep 17,https://www.vgchartz.com/games/boxart/full_696050AmericaFrontccc.jpg,https://www.vgchartz.com/game/190938/rbi-baseball-2017/?region=All
Tennis World Tour,NS,0.02,Bigben Interactive,Sports,10 Jul 18,https://www.vgchartz.com/games/boxart/full_6178826AmericaFrontccc.jpg,https://www.vgchartz.com/game/220644/tennis-world-tour/?region=All
Crayola Scoot,NS,0.01,Outright Games,Sports,16 Oct 18,https://www.vgchartz.com/games/boxart/full_2657037AmericaFrontccc.jpg,https://www.vgchartz.com/game/222297/crayola-scoot/?region=All
Winning Post 8 2018,NS,0.01,Koei Tecmo,Sports,15 Mar 18,https://www.vgchartz.com/games/boxart/full_9588937JapanFrontccc.jpg,https://www.vgchartz.com/game/221398/winning-post-8-2018/?region=All
Legendary Fishing,NS,0.01,Ubisoft,Sports,18 Sep 18,https://www.vgchartz.com/games/boxart/full_3388758AmericaFrontccc.jpg,https://www.vgchartz.com/game/222623/legendary-fishing/?region=All
Mario + Rabbids: Kingdom Battle,NS,2.59,Ubisoft,Strategy,29 Aug 17,https://www.vgchartz.com/games/boxart/full_3788749AmericaFrontccc.png,https://www.vgchartz.com/game/181862/mario-rabbids-kingdom-battle/?region=All
Sid Meier's Civilization VI,NS,0.25,2K Games,Strategy,16 Nov 18,https://www.vgchartz.com/games/boxart/full_1186848AmericaFrontccc.jpg,https://www.vgchartz.com/game/222722/sid-meiers-civilization-vi/?region=All
Valkyria Chronicles 4,NS,0.19,Sega,Strategy,25 Sep 18,https://www.vgchartz.com/games/boxart/full_7515439AmericaFrontccc.jpg,https://www.vgchartz.com/game/220339/valkyria-chronicles-4/?region=All
SD Gundam G Generation Genesis,NS,0.04,Bandai Namco Games,Strategy,26 Apr 18,https://www.vgchartz.com/games/boxart/full_9490595JapanFrontccc.jpg,https://www.vgchartz.com/game/220816/sd-gundam-g-generation-genesis/?region=All
Nobunaga's Ambition: Sphere of Influence with Power-Up Kit,NS,0.03,Tecmo Koei,Strategy,03 Mar 17,https://www.vgchartz.com/games/boxart/full_7980326JapanFrontccc.png,https://www.vgchartz.com/game/161262/nobunagas-ambition-sphere-of-influence-with-power-up-kit/?region=All
God Wars The Complete Legend,NS,0.03,NIS America,Strategy,04 Sep 18,https://www.vgchartz.com/games/boxart/full_6146721AmericaFrontccc.jpg,https://www.vgchartz.com/game/221366/god-wars-the-complete-legend/?region=All
Nobunaga's Ambition: Taishi,NS,0.01,Koei Tecmo,Strategy,30 Nov 17,https://www.vgchartz.com/games/boxart/full_6845661AmericaFrontccc.png,https://www.vgchartz.com/game/220484/nobunagas-ambition-taishi/?region=All
Mercenaries Saga Chronicles,NS,0.01,PM Studios,Strategy,11 Sep 18,https://www.vgchartz.com/games/boxart/full_8972405AmericaFrontccc.jpg,https://www.vgchartz.com/game/221004/mercenaries-saga-chronicles/?region=All
This Is the Police 2,NS,0.01,THQ Nordic,Strategy,25 Sep 18,https://www.vgchartz.com/games/boxart/full_4370666AmericaFrontccc.jpg,https://www.vgchartz.com/game/220933/this-is-the-police-2/?region=All
Steins;Gate Elite,NS,0.02,Spike Chunsoft,Visual+Novel,19 Feb 19,https://www.vgchartz.com/games/boxart/full_2432406AmericaFrontccc.jpg,https://www.vgchartz.com/game/220340/steinsgate-elite/?region=All
Higurashi no Naku Koro ni Hou,NS,0.02,Entergram,Visual+Novel,26 Jul 18,https://www.vgchartz.com/games/boxart/full_2991651JapanFrontccc.jpg,https://www.vgchartz.com/game/222694/higurashi-no-naku-koro-ni-hou/?region=All
Nil Admirari no Tenbin: Irodori Nadeshiko,NS,0.01,Idea Factory,Visual+Novel,20 Sep 18,https://www.vgchartz.com/games/boxart/full_9852628JapanFrontccc.jpg,https://www.vgchartz.com/game/222917/nil-admirari-no-tenbin-irodori-nadeshiko/?region=All
World End Syndrome,NS,0.01,Arc System Works,Visual+Novel,02 May 19,https://www.vgchartz.com/games/boxart/full_3392863JapanFrontccc.jpg,https://www.vgchartz.com/game/221093/world-end-syndrome/?region=All
